[
    {
      "id": 0,
      "question": "Do any of the following apply to you?<br>- You are not the primary taxpayer on your tax return<br>- You are declared as a dependent<br>- You are declared as being hosted by someone else",
      "options": ["Yes", "No"]
    },
    {
      "id": 1,
      "question": "Have you purchased subsidized heating fuels during the eligible period?",
      "options": ["Yes", "No"]
    },
    {
      "id": 2,
      "question": "Is the property you are applying for your primary residence?",
      "options": ["Yes", "No"]
    },
    {
      "id": 3,
      "question": "The residence is:",
      "options": ["Owner-occupied", "Apartment building", "Provided free of charge", "Used for professional purposes"]
    },
    {
      "id": 4,
      "question": "Is your residence located in an area eligible for wood or pellet heating subsidies?",
      "options": ["Yes", "No"]
    },
    {
      "id": 5,
      "question": "Is your annual family income within the following limits?<br><br>- Up to €16,000 for single individuals<br>- Up to €24,000 for married or single-parent families, plus €5,000 for each dependent child according to the 2023/2024 decision",
      "options": ["Yes", "No"]
    },
    {
      "id": 6,
      "question": "Does the objective value of your real estate exceed the set threshold?",
      "options": ["Yes", "No"]
    },
    {
      "id": 7,
      "question": "Do any of the following apply to you?<br>- You own more than 2 private vehicles<br>- You are a tax resident abroad",
      "options": ["Yes", "No"]
    }
  ]
  