[
    {
      "id": 0,
      "question": "Βρίσκεστε σε κάποια από τις παρακάτω περιπτώσεις;<br>- Δεν είστε ο υπόχρεος στη φορολογική δήλωση<br>- Δηλώνεστε ως εξαρτώμενο μέλος<br>- Δηλώνετε ότι φιλοξενείστε",
      "options": ["Ναι","Όχι"]
    },
    {
      "id": 1,
      "question": "Έχετε πραγματοποιήσει αγορές των επιδοτούμενων καυσίμων εντός της χρονικής περιόδου;",
      "options": ["Ναι","Όχι"]
    },
    {
      "id": 2,
      "question": "Το ακίνητο για το οποίο κάνετε αίτηση είναι η κύρια κατοικία σας;",
      "options": ["Ναι","Όχι"]
    },
    {
      "id": 3,
      "question": "Η κατοικία είναι:",
      "options": ["Ιδιοκατοικούμενη","Πολυκατοικία","Δωρεάν παραχωρημένη","Επαγγελματική χρήση"]
    },
    {
      "id": 4,
      "question": "Η κατοικία σας βρίσκεται σε περιοχή που επιδοτείται για καυσόξυλα ή πέλετ;",
      "options": ["Ναι","Όχι"]
    },
    {
      "id": 5,
      "question": "Το ετήσιο οικογενειακό σας εισόδημα είναι εντός των παρακάτω ορίων;<br><br>- Έως 16.000€ για άγαμους<br>- Έως 24.000€ για έγγαμους ή μονογονεϊκές οικογένειες, με προσαύξηση 5.000€ για κάθε εξαρτώμενο τέκνο σύμφωνα με την απόφαση του 2023/2024",
      "options": ["Ναι", "Όχι"]
    },    
    {
      "id": 6,
      "question": "Η αντικειμενική αξία της ακίνητης περιουσίας σας υπερβαίνει το όριο;",
      "options": ["Ναι","Όχι"]
    },
    {
      "id": 7,
      "question": "Βρίσκεστε σε κάποια από τις παρακάτω περιπτώσεις;<br>- Διαθέτετε περισσότερα από 2 Ι.Χ.<br>- Φορολογικός κάτοικος εξωτερικού",
      "options": ["Ναι","Όχι"]
    }
  ]
  