{
    "PublicService": {
      "name": "Heating Allowance",
      "evidence": [
        {
          "id": 1,
          "evs": [
            {
              "id": "ev0001",
              "type": "Evidence",
              "name": "Electricity supply number",
              "description": "Refers to the electricity supply number of the applicant’s primary residence."
            },
            {
              "id": "ev0002",
              "type": "Evidence",
              "name": "Proof of residence",
              "description": "Document proving that the property is the applicant’s primary residence."
            },
            {
              "id": "ev0003",
              "type": "Evidence",
              "name": "Square meters of main living areas",
              "description": "Declaration of the surface area of the main living spaces for the subsidy."
            },
            {
              "id": "ev0004",
              "type": "Evidence",
              "name": "Type of fuel or thermal energy",
              "description": "Declaration of the type of fuel used for heating."
            },
            {
              "id": "ev0005",
              "type": "Evidence",
              "name": "Applicant’s contact details",
              "description": "Email address and phone number of the beneficiary."
            },
            {
              "id": "ev0006",
              "type": "Evidence",
              "name": "Fuel purchase receipt number",
              "description": "Receipt number for the purchase of fuels other than heating oil."
            },
            {
              "id": "ev007",
              "type": "Evidence",
              "name": "Tax clearance notice number",
              "description": "Used in case of non-use of Taxisnet credentials."
            },
            {
              "id": "ev008",
              "type": "Evidence",
              "name": "Applicant’s Tax Identification Number (TIN)",
              "description": "Required for verifying the identity of the applicant."
            },
            {
              "id": "ev009",
              "type": "Evidence",
              "name": "IBAN account number",
              "description": "For crediting the subsidy amount to the beneficiary’s bank account."
            }
          ]
        }
      ]
    }
  }
  