{
    "PublicService": {
      "name": "Επίδομα Θέρμανσης",
      "evidence": [
        {
          "id": 1,
          "evs": [
            {
              "id": "ev0001",
              "type": "Evidence",
              "name": "Αριθμός παροχής ηλεκτρικού ρεύματος",
              "description": "Αφορά τον αριθμό παροχής ρεύματος του ακινήτου κύριας κατοικίας."
            },
            {
              "id": "ev0002",
              "type": "Evidence",
              "name": "Αποδεικτικό κατοικίας",
              "description": "Αποδεικτικό που δηλώνει ότι το ακίνητο αποτελεί κύρια κατοικία του αιτούντα."
            },
            {
              "id": "ev0003",
              "type": "Evidence",
              "name": "Τετραγωνικά μέτρα κύριων χώρων",
              "description": "Δήλωση επιφάνειας κύριων χώρων για την επιδότηση."
            },
            {
              "id": "ev0004",
              "type": "Evidence",
              "name": "Είδος καυσίμου ή θερμικής ενέργειας",
              "description": "Δήλωση του είδους καυσίμου που χρησιμοποιείται για θέρμανση."
            },
            {
              "id": "ev0005",
              "type": "Evidence",
              "name": "Στοιχεία επικοινωνίας δικαιούχου",
              "description": "Διεύθυνση email και αριθμός τηλεφώνου του δικαιούχου."
            },
            {
              "id": "ev0006",
              "type": "Evidence",
              "name": "Αριθμός απόδειξης αγοράς καυσίμων",
              "description": "Αριθμός παραστατικού για την αγορά καυσίμων πέραν του πετρελαίου."
            },
            {
              "id": "ev007",
              "type": "Evidence",
              "name": "Αρ. ειδοποίησης εκκαθαριστικού φορολογίας",
              "description": "Χρησιμοποιείται σε περίπτωση μη χρήσης κωδικών Taxisnet."
            },
            {
              "id": "ev008",
              "type": "Evidence",
              "name": "Αριθμός Φορολογικού Μητρώου αιτούντα",
              "description": "Απαραίτητο για ταυτοποίηση του δικαιούχου."
            },
            {
              "id": "ev009",
              "type": "Evidence",
              "name": "Αριθμός λογαριασμού ΙΒΑΝ",
              "description": "Για την πίστωση του ποσού της επιδότησης στον δικαιούχο."
            }
          ]
        }
      ]
    }
  }