[
    {
      "question": "When does the platform for the heating allowance open?",
      "answer": "Applications usually begin during the first half of November each year."
    },
    {
      "question": "Which areas are considered mountainous or eligible for firewood and pellet subsidies?",
      "answer": "Eligible areas for firewood and pellet subsidies are determined by a relevant decision each year. You can consult the list of areas on the myThermansi platform."
    },
    {
      "question": "How do I declare firewood purchases to receive the allowance?",
      "answer": "Purchases of firewood and other fuels must be declared on the myThermansi platform using the receipt number and transaction details."
    }
  ]
  