[
    {
      "question": "Πότε ανοίγει η πλατφόρμα για το επίδομα θέρμανσης;",
      "answer": "Συνήθως, οι αιτήσεις ξεκινούν το πρώτο δεκαπενθήμερο του Νοεμβρίου κάθε έτους."
    },
    {
      "question": "Ποιες περιοχές θεωρούνται ορεινές ή δικαιούχες για καυσόξυλα και πέλετ;",
      "answer": "Οι επιλέξιμες περιοχές για καυσόξυλα και πέλετ καθορίζονται με σχετική απόφαση κάθε έτος. Μπορείτε να συμβουλευτείτε τον κατάλογο περιοχών στην πλατφόρμα myΘέρμανση."
    },
    {
      "question": "Πώς δηλώνω αγορές καυσόξυλων για να λάβω το επίδομα;",
      "answer": "Οι αγορές καυσόξυλων και άλλων καυσίμων πρέπει να δηλώνονται στην πλατφόρμα myΘέρμανση με τον αριθμό παραστατικού και τα στοιχεία της συναλλαγής."
    }
  ]